<?xml version="1.0" encoding="UTF-8"?>
<project-private xmlns="http://www.netbeans.org/ns/project-private/1">
    <editor-bookmarks xmlns="http://www.netbeans.org/ns/editor-bookmarks/2" lastBookmarkId="0"/>
    <open-files xmlns="http://www.netbeans.org/ns/projectui-open-files/2">
        <group>
            <file>file:/E:/NetBeans/NetBeans%208.2/JavaProject/JavaApplication3/src/javaapplication3/login.java</file>
            <file>file:/E:/NetBeans/NetBeans%208.2/JavaProject/JavaApplication3/src/javaapplication3/DeleteUpdateRecord.java</file>
            <file>file:/E:/NetBeans/NetBeans%208.2/JavaProject/JavaApplication3/src/javaapplication3/DeleteRecordDriver.java</file>
            <file>file:/E:/NetBeans/NetBeans%208.2/JavaProject/JavaApplication3/src/javaapplication3/About.java</file>
            <file>file:/E:/NetBeans/NetBeans%208.2/JavaProject/JavaApplication3/src/javaapplication3/BusDeleteRecord.java</file>
            <file>file:/E:/NetBeans/NetBeans%208.2/JavaProject/JavaApplication3/src/javaapplication3/UpdateBus.java</file>
            <file>file:/E:/NetBeans/NetBeans%208.2/JavaProject/JavaApplication3/src/javaapplication3/StaffRecords.java</file>
            <file>file:/E:/NetBeans/NetBeans%208.2/JavaProject/JavaApplication3/src/javaapplication3/BusRecord.java</file>
            <file>file:/E:/NetBeans/NetBeans%208.2/JavaProject/JavaApplication3/src/javaapplication3/BusRecords.java</file>
            <file>file:/E:/NetBeans/NetBeans%208.2/JavaProject/JavaApplication3/src/javaapplication3/Conductor.java</file>
            <file>file:/E:/NetBeans/NetBeans%208.2/JavaProject/JavaApplication3/src/javaapplication3/DeleteRecord.java</file>
            <file>file:/E:/NetBeans/NetBeans%208.2/JavaProject/JavaApplication3/src/javaapplication3/UpdateRecord.java</file>
            <file>file:/E:/NetBeans/NetBeans%208.2/JavaProject/JavaApplication3/src/javaapplication3/Afterlogin.java</file>
            <file>file:/E:/NetBeans/NetBeans%208.2/JavaProject/JavaApplication3/src/javaapplication3/Driver.java</file>
            <file>file:/E:/NetBeans/NetBeans%208.2/JavaProject/JavaApplication3/src/javaapplication3/BusRegistration.java</file>
        </group>
    </open-files>
</project-private>
